" ","safeDivKoKTNo","safeDivKTNo","AQDivKoKTNo","AQDivKTNo"
"airfoil_self_noise"," 84.6326077108
"," 6.13518887795
"," 28.2107640205
"," 7.86829779012
"
"ccpp"," 5.79023037517e-09
"," 1.41831151268e-10
"," 2.23108164437e-05
"," 4.18523654844e-09
"
"concrete"
